il,ilce,secmen,yuzde
İSTANBUL,PENDİK,21792,3.995
BAYBURT,MERKEZ,9070,1.663
BARTIN,ULUS,8405,1.541
ERZİNCAN,REFAHİYE,8203,1.504
ORDU,MESUDİYE,5850,1.072
ORDU,AKKUŞ,4535,0.831
SİVAS,SUŞEHRİ,4527,0.83
SİVAS,HAFİK,4447,0.815
KASTAMONU,ARAÇ,4396,0.806
SİNOP,BOYABAT,4302,0.789
SİVAS,YILDIZELİ,4150,0.761
İSTANBUL,KARTAL,4005,0.734
ERZURUM,İSPİR,3998,0.733
KASTAMONU,CİDE,3932,0.721
İSTANBUL,FATİH,3898,0.715
KARS,MERKEZ,3868,0.709
TOKAT,ZİLE,3671,0.673
SİVAS,MERKEZ,3626,0.665
VAN,ERCİŞ,3596,0.659
ARDAHAN,ÇILDIR,3366,0.617
ERZİNCAN,TERCAN,3331,0.611
ARDAHAN,MERKEZ,3279,0.601
TOKAT,MERKEZ,3189,0.585
ERZURUM,HORASAN,3116,0.571
BAYBURT,AYDINTEPE,3071,0.563
AĞRI,PATNOS,2993,0.549
TOKAT,ALMUS,2982,0.547
KIRŞEHİR,AKÇAKENT,2888,0.529
İSTANBUL,KADIKÖY,2859,0.524
TOKAT,TURHAL,2815,0.516
SAKARYA,AKYAZI,2801,0.513
AMASYA,TAŞOVA,2773,0.508
GÜMÜŞHANE,ŞİRAN,2750,0.504
SAMSUN,BAFRA,2698,0.495
TOKAT,ERBAA,2647,0.485
TRABZON,OF,2627,0.482
SAKARYA,ADAPAZARI,2614,0.479
IĞDIR,TUZLUCA,2590,0.475
RİZE,MERKEZ,2542,0.466
ERZURUM,YAKUTİYE,2519,0.462
RİZE,ÇAYELİ,2514,0.461
ÇORUM,KARGI,2473,0.453
ÇANKIRI,ILGAZ,2443,0.448
ÇANKIRI,BAYRAMÖREN,2436,0.447
ZONGULDAK,ALAPLI,2384,0.437
KARS,DİGOR,2374,0.435
ARDAHAN,HANAK,2315,0.424
NEVŞEHİR,ACIGÖL,2293,0.42
BİLECİK,GÖLPAZARI,2281,0.418
SİVAS,KOYULHİSAR,2239,0.41
AĞRI,MERKEZ,2218,0.407
TRABZON,DÜZKÖY,2171,0.398
SAMSUN,HAVZA,2017,0.37
KARABÜK,EFLANİ,2000,0.367
GİRESUN,ŞEBİNKARAHİSAR,1997,0.366
ERZURUM,PAZARYOLU,1954,0.358
ERZURUM,AZİZİYE,1945,0.357
ARDAHAN,GÖLE,1905,0.349
AFYONKARAHİSAR,SİNANPAŞA,1901,0.348
SİNOP,SARAYDÜZÜ,1891,0.347
KASTAMONU,PINARBAŞI,1890,0.346
SİVAS,İMRANLI,1889,0.346
BİTLİS,TATVAN,1854,0.34
TRABZON,SÜRMENE,1839,0.337
SİVAS,ZARA,1817,0.333
TOKAT,NİKSAR,1807,0.331
GÜMÜŞHANE,KELKİT,1807,0.331
GİRESUN,MERKEZ,1801,0.33
İSTANBUL,ÜSKÜDAR,1735,0.318
GİRESUN,GÖRELE,1711,0.314
RİZE,İKİZDERE,1698,0.311
ORDU,ALTINORDU,1689,0.31
İSTANBUL,MALTEPE,1681,0.308
ERZURUM,AŞKALE,1671,0.306
İSTANBUL,BEYOĞLU,1667,0.306
ELAZIĞ,KARAKOÇAN,1637,0.3
SAMSUN,YAKAKENT,1631,0.299
ORDU,ÜNYE,1622,0.297
ERZURUM,OLTU,1616,0.296
SİVAS,KANGAL,1609,0.295
SAMSUN,ALAÇAM,1601,0.293
ELAZIĞ,MERKEZ,1583,0.29
ORDU,KUMRU,1553,0.285
SİİRT,KURTALAN,1548,0.284
SİNOP,AYANCIK,1543,0.283
KASTAMONU,İNEBOLU,1524,0.279
ERZİNCAN,MERKEZ,1509,0.277
SAMSUN,TERME,1505,0.276
KIRŞEHİR,ÇİÇEKDAĞI,1493,0.274
TRABZON,ARAKLI,1441,0.264
GİRESUN,ESPİYE,1440,0.264
ORDU,FATSA,1438,0.264
TRABZON,ÇAYKARA,1434,0.263
BARTIN,MERKEZ,1427,0.262
ZONGULDAK,EREĞLİ,1405,0.258
GİRESUN,DERELİ,1404,0.257
BİLECİK,BOZÜYÜK,1401,0.257
ÇANKIRI,ATKARACALAR,1379,0.253
AMASYA,MERKEZ,1363,0.25
TOKAT,ARTOVA,1349,0.247
TRABZON,ORTAHİSAR,1348,0.247
SAMSUN,VEZİRKÖPRÜ,1338,0.245
NEVŞEHİR,DERİNKUYU,1323,0.243
TRABZON,MAÇKA,1321,0.242
SİVAS,DİVRİĞİ,1303,0.239
ERZURUM,PASİNLER,1302,0.239
GİRESUN,TİREBOLU,1289,0.236
BİTLİS,MERKEZ,1285,0.236
KARS,ARPAÇAY,1285,0.236
SAKARYA,HENDEK,1273,0.233
İSTANBUL,TUZLA,1242,0.228
SAMSUN,LADİK,1238,0.227
GİRESUN,KEŞAP,1205,0.221
KOCAELİ,KANDIRA,1182,0.217
SAMSUN,ÇARŞAMBA,1180,0.216
MUŞ,BULANIK,1165,0.214
AFYONKARAHİSAR,BOLVADİN,1150,0.211
TOKAT,REŞADİYE,1140,0.209
ERZURUM,ÇAT,1138,0.209
AMASYA,MERZİFON,1137,0.208
ZONGULDAK,DEVREK,1114,0.204
SAKARYA,KARASU,1104,0.202
GİRESUN,ÇAMOLUK,1102,0.202
KARS,SARIKAMIŞ,1095,0.201
KASTAMONU,ŞENPAZAR,1095,0.201
ÇANKIRI,MERKEZ,1095,0.201
İSTANBUL,BEYKOZ,1094,0.201
BOLU,KIBRISCIK,1093,0.2
RİZE,İYİDERE,1093,0.2
MARDİN,MİDYAT,1092,0.2
BAYBURT,DEMİRÖZÜ,1046,0.192
KAHRAMANMARAŞ,ELBİSTAN,1045,0.192
TRABZON,HAYRAT,1035,0.19
TRABZON,AKÇAABAT,1034,0.19
GÜMÜŞHANE,KÜRTÜN,1021,0.187
KARS,AKYAKA,1005,0.184
AMASYA,GÖYNÜCEK,1005,0.184
KARABÜK,SAFRANBOLU,996,0.183
KASTAMONU,KÜRE,982,0.18
TRABZON,DERNEKPAZARI,978,0.179
ERZİNCAN,KEMAH,978,0.179
DÜZCE,MERKEZ,978,0.179
SAKARYA,FERİZLİ,971,0.178
ORDU,ULUBEY,966,0.177
ESKİŞEHİR,TEPEBAŞI,965,0.177
ÇANKIRI,ÇERKEŞ,963,0.177
ORDU,PERŞEMBE,957,0.175
ARTVİN,YUSUFELİ,944,0.173
BİLECİK,MERKEZ,938,0.172
BİNGÖL,MERKEZ,937,0.172
KARS,SUSUZ,935,0.171
ÇORUM,OSMANCIK,932,0.171
ANKARA,GÜDÜL,929,0.17
SİVAS,ŞARKIŞLA,928,0.17
SAKARYA,GEYVE,928,0.17
MALATYA,BATTALGAZİ,927,0.17
GİRESUN,PİRAZİZ,926,0.17
MUŞ,MERKEZ,926,0.17
RİZE,KALKANDERE,924,0.169
ERZİNCAN,İLİÇ,918,0.168
BİNGÖL,ADAKLI,914,0.168
BURSA,YILDIRIM,909,0.167
GÜMÜŞHANE,TORUL,903,0.166
BURSA,OSMANGAZİ,897,0.164
MALATYA,DARENDE,893,0.164
NİĞDE,MERKEZ,887,0.163
AĞRI,DOĞUBAYAZIT,887,0.163
ÇANKIRI,ORTA,880,0.161
KASTAMONU,ÇATALZEYTİN,879,0.161
KARS,KAĞIZMAN,879,0.161
KASTAMONU,TOSYA,877,0.161
KARABÜK,ESKİPAZAR,873,0.16
GÜMÜŞHANE,MERKEZ,873,0.16
KARS,SELİM,871,0.16
ESKİŞEHİR,MİHALIÇÇIK,868,0.159
KOCAELİ,GEBZE,853,0.156
İSTANBUL,BEŞİKTAŞ,838,0.154
TRABZON,ARSİN,835,0.153
TRABZON,ŞALPAZARI,834,0.153
SAKARYA,KAYNARCA,829,0.152
YOZGAT,ŞEFAATLİ,827,0.152
MALATYA,HEKİMHAN,826,0.151
GİRESUN,BULANCAK,824,0.151
AMASYA,SULUOVA,822,0.151
SAKARYA,SERDİVAN,819,0.15
ADANA,SEYHAN,813,0.149
BİTLİS,ADİLCEVAZ,797,0.146
GAZİANTEP,ŞAHİNBEY,797,0.146
YOZGAT,SARIKAYA,794,0.146
MARDİN,ARTUKLU,788,0.144
BİTLİS,MUTKİ,787,0.144
ERZURUM,ŞENKAYA,786,0.144
TRABZON,BEŞİKDÜZÜ,785,0.144
MALATYA,YEŞİLYURT,785,0.144
ERZİNCAN,ÇAYIRLI,771,0.141
GİRESUN,ALUCRA,770,0.141
SAMSUN,İLKADIM,759,0.139
SAKARYA,KOCAALİ,759,0.139
KIRIKKALE,DELİCE,757,0.139
ORDU,KORGAN,755,0.138
KARAMAN,MERKEZ,752,0.138
KARABÜK,OVACIK,750,0.137
RİZE,PAZAR,749,0.137
AFYONKARAHİSAR,SANDIKLI,739,0.135
BİLECİK,PAZARYERİ,736,0.135
KÜTAHYA,SİMAV,726,0.133
ERZURUM,HINIS,723,0.133
ZONGULDAK,MERKEZ,720,0.132
ÇORUM,MECİTÖZÜ,720,0.132
ARTVİN,ŞAVŞAT,718,0.132
ÇANKIRI,KURŞUNLU,711,0.13
DİYARBAKIR,SUR,710,0.13
SİNOP,ERFELEK,706,0.129
AĞRI,ELEŞKİRT,704,0.129
NEVŞEHİR,MERKEZ,703,0.129
İSTANBUL,ŞİŞLİ,702,0.129
KOCAELİ,İZMİT,695,0.127
ERZURUM,NARMAN,695,0.127
BİLECİK,YENİPAZAR,690,0.126
ÇANKIRI,KORGUN,690,0.126
AĞRI,DİYADİN,689,0.126
SAKARYA,KARAPÜRÇEK,688,0.126
ORDU,GÖLKÖY,687,0.126
SİNOP,MERKEZ,686,0.126
KASTAMONU,DOĞANYURT,683,0.125
YOZGAT,SORGUN,681,0.125
VAN,GÜRPINAR,679,0.124
MERSİN,TARSUS,675,0.124
GİRESUN,EYNESİL,673,0.123
BİNGÖL,SOLHAN,672,0.123
TUNCELİ,ÇEMİŞGEZEK,660,0.121
KİLİS,MERKEZ,656,0.12
ÇORUM,MERKEZ,656,0.12
SİVAS,AKINCILAR,655,0.12
AĞRI,TAŞLIÇAY,651,0.119
MUŞ,MALAZGİRT,646,0.118
RİZE,GÜNEYSU,646,0.118
YOZGAT,MERKEZ,644,0.118
MALATYA,ARGUVAN,642,0.118
ZONGULDAK,ÇAYCUMA,640,0.117
BATMAN,MERKEZ,638,0.117
ESKİŞEHİR,BEYLİKOVA,636,0.117
BOLU,GÖYNÜK,631,0.116
ERZURUM,KÖPRÜKÖY,622,0.114
ERZURUM,TORTUM,616,0.113
KASTAMONU,PINARBAŞI/KASTAMONU,615,0.113
ÇANAKKALE,BİGA,606,0.111
ELAZIĞ,SİVRİCE,604,0.111
ERZURUM,TEKMAN,604,0.111
NİĞDE,BOR,600,0.11
ADANA,CEYHAN,600,0.11
İSTANBUL,KAĞITHANE,598,0.11
ERZURUM,KARAYAZI,598,0.11
SAKARYA,PAMUKOVA,596,0.109
SİNOP,DİKMEN,595,0.109
KONYA,AKŞEHİR,595,0.109
ŞANLIURFA,EYYÜBİYE,591,0.108
KAYSERİ,KOCASİNAN,591,0.108
OSMANİYE,MERKEZ,591,0.108
AĞRI,HAMUR,588,0.108
IĞDIR,MERKEZ,583,0.107
BİTLİS,AHLAT,582,0.107
İSTANBUL,GAZİOSMANPAŞA,573,0.105
VAN,ÖZALP,561,0.103
BİNGÖL,KARLIOVA,556,0.102
SİVAS,ULAŞ,556,0.102
ŞANLIURFA,SİVEREK,551,0.101
DÜZCE,GÖLYAKA,549,0.101
SİVAS,GÜRÜN,547,0.1
AMASYA,GÜMÜŞHACIKÖY,547,0.1
BOLU,MERKEZ,546,0.1
SAKARYA,SÖĞÜTLÜ,546,0.1
AFYONKARAHİSAR,MERKEZ,544,0.1
AFYONKARAHİSAR,ÇAY,543,0.1
SAKARYA,ERENLER,539,0.099
SİNOP,DURAĞAN,536,0.098
ÇORUM,SUNGURLU,535,0.098
ÇANKIRI,KIZILIRMAK,534,0.098
KASTAMONU,DADAY,528,0.097
DİYARBAKIR,SİLVAN,526,0.096
KONYA,EREĞLİ,524,0.096
İSTANBUL,EYÜPSULTAN,523,0.096
DİYARBAKIR,ÇÜNGÜŞ,523,0.096
SAMSUN,SALIPAZARI,521,0.096
KAHRAMANMARAŞ,AFŞİN,520,0.095
MALATYA,KULUNCAK,514,0.094
KASTAMONU,İHSANGAZİ,513,0.094
KIRIKKALE,KESKİN,512,0.094
VAN,İPEKYOLU,512,0.094
GAZİANTEP,NİZİP,510,0.093
İSTANBUL,SARIYER,509,0.093
HATAY,KIRIKHAN,509,0.093
İSTANBUL,ÜMRANİYE,507,0.093
BİTLİS,HİZAN,506,0.093
ERZİNCAN,ÜZÜMLÜ,506,0.093
ISPARTA,YALVAÇ,503,0.092
KASTAMONU,BOZKURT,502,0.092
ESKİŞEHİR,ODUNPAZARI,501,0.092
SİNOP,GERZE,500,0.092
KAHRAMANMARAŞ,ONİKİŞUBAT,498,0.091
MALATYA,AKÇADAĞ,493,0.09
ADIYAMAN,MERKEZ,488,0.089
İZMİR,KONAK,485,0.089
ANKARA,ALTINDAĞ,483,0.089
UŞAK,KARAHALLI,483,0.089
RİZE,ARDEŞEN,480,0.088
YOZGAT,ÇEKEREK,480,0.088
İSTANBUL,ŞİLE,479,0.088
KASTAMONU,AZDAVAY,478,0.088
ÇORUM,ALACA,478,0.088
ÇORUM,İSKİLİP,477,0.087
KASTAMONU,HANÖNÜ,476,0.087
AFYONKARAHİSAR,SULTANDAĞI,474,0.087
TRABZON,KÖPRÜBAŞI,472,0.087
KASTAMONU,TAŞKÖPRÜ,470,0.086
TRABZON,VAKFIKEBİR,469,0.086
BOLU,MENGEN,469,0.086
KAYSERİ,MELİKGAZİ,461,0.085
İSTANBUL,ATAŞEHİR,461,0.085
ANKARA,POLATLI,460,0.084
KARABÜK,MERKEZ,460,0.084
ERZİNCAN,KEMALİYE,458,0.084
AKSARAY,MERKEZ,456,0.084
MALATYA,ARAPGİR,454,0.083
KAYSERİ,PINARBAŞI,451,0.083
BİNGÖL,KİĞI,451,0.083
HATAY,İSKENDERUN,450,0.082
KAYSERİ,DEVELİ,444,0.081
DÜZCE,AKÇAKOCA,442,0.081
İSTANBUL,ZEYTİNBURNU,440,0.081
DİYARBAKIR,BİSMİL,438,0.08
KARABÜK,YENİCE,435,0.08
BARTIN,KURUCAŞİLE,434,0.08
ÇORUM,BAYAT,431,0.079
HATAY,HASSA,428,0.078
TUNCELİ,MAZGİRT,425,0.078
ISPARTA,SÜTÇÜLER,422,0.077
MALATYA,PÜTÜRGE,422,0.077
DİYARBAKIR,ERGANİ,421,0.077
BOLU,GEREDE,421,0.077
TRABZON,TONYA,421,0.077
BURSA,İNEGÖL,420,0.077
AĞRI,TUTAK,414,0.076
MERSİN,AKDENİZ,414,0.076
NİĞDE,ÇİFTLİK,414,0.076
ANTALYA,AKSEKİ,409,0.075
ZONGULDAK,GÖKÇEBEY,409,0.075
YOZGAT,YERKÖY,408,0.075
İSTANBUL,KÜÇÜKÇEKMECE,408,0.075
GÜMÜŞHANE,KÖSE,407,0.075
TRABZON,YOMRA,406,0.074
KIRIKKALE,MERKEZ,405,0.074
SİVAS,GÖLOVA,405,0.074
İSTANBUL,BAHÇELİEVLER,396,0.073
KOCAELİ,KARAMÜRSEL,395,0.072
SAMSUN,19 MAYIS,388,0.071
YOZGAT,BOĞAZLIYAN,387,0.071
KONYA,BOZKIR,386,0.071
SİİRT,MERKEZ,385,0.071
EDİRNE,HAVSA,381,0.07
ERZURUM,OLUR,381,0.07
ORDU,İKİZCE,380,0.07
ANKARA,ÇANKAYA,376,0.069
KAHRAMANMARAŞ,DULKADİROĞLU,375,0.069
ORDU,AYBASTI,375,0.069
İSTANBUL,BAĞCILAR,374,0.069
YALOVA,MERKEZ,373,0.068
RİZE,DEREPAZARI,372,0.068
SİİRT,BAYKAN,371,0.068
TUNCELİ,MERKEZ,371,0.068
BİNGÖL,YAYLADERE,368,0.067
ZONGULDAK,KOZLU,366,0.067
NİĞDE,ALTUNHİSAR,365,0.067
MARDİN,DERİK,364,0.067
KIRŞEHİR,MERKEZ,363,0.067
ARDAHAN,POSOF,362,0.066
ADANA,YÜREĞİR,359,0.066
KAYSERİ,BÜNYAN,353,0.065
YOZGAT,KADIŞEHRİ,344,0.063
SİİRT,ŞİRVAN,342,0.063
ERZİNCAN,OTLUKBELİ,341,0.063
BURSA,ORHANGAZİ,340,0.062
TOKAT,PAZAR,340,0.062
GİRESUN,ÇANAKÇI,339,0.062
ELAZIĞ,MADEN,338,0.062
HATAY,ANTAKYA,337,0.062
BALIKESİR,BANDIRMA,333,0.061
BALIKESİR,GÖNEN,331,0.061
SİNOP,TÜRKELİ,330,0.06
ERZURUM,PALANDÖKEN,330,0.06
KOCAELİ,KARTEPE,329,0.06
TEKİRDAĞ,SÜLEYMANPAŞA,326,0.06
KAHRAMANMARAŞ,GÖKSUN,324,0.059
SAMSUN,ATAKUM,323,0.059
ARTVİN,BORÇKA,323,0.059
KÜTAHYA,MERKEZ,322,0.059
BİLECİK,OSMANELİ,322,0.059
ARTVİN,ARHAVİ,319,0.058
KIRKLARELİ,MERKEZ,318,0.058
MUŞ,VARTO,317,0.058
EDİRNE,UZUNKÖPRÜ,315,0.058
ORDU,ÇAYBAŞI,314,0.058
İSTANBUL,BAYRAMPAŞA,313,0.057
GAZİANTEP,ŞEHİTKAMİL,309,0.057
KASTAMONU,SEYDİLER,308,0.056
OSMANİYE,KADİRLİ,305,0.056
TOKAT,YEŞİLYURT,303,0.056
ADIYAMAN,KAHTA,302,0.055
BİLECİK,SÖĞÜT,302,0.055
DİYARBAKIR,ÇINAR,299,0.055
AFYONKARAHİSAR,DİNAR,299,0.055
GİRESUN,YAĞLIDERE,298,0.055
YALOVA,ÇİFTLİKKÖY,295,0.054
SAMSUN,KAVAK,293,0.054
ORDU,ÇAMAŞ,292,0.054
KONYA,ILGIN,292,0.054
NEVŞEHİR,AVANOS,290,0.053
GAZİANTEP,İSLAHİYE,288,0.053
VAN,GEVAŞ,287,0.053
MARDİN,SAVUR,287,0.053
BİNGÖL,GENÇ,286,0.052
BİLECİK,YENİPAZAR/BİLECİK,286,0.052
ÇANKIRI,YAPRAKLI,285,0.052
MUŞ,KORKUT,285,0.052
KIRŞEHİR,KAMAN,285,0.052
SAMSUN,TEKKEKÖY,285,0.052
BİLECİK,İNHİSAR,284,0.052
ADANA,KOZAN,283,0.052
KONYA,KARATAY,283,0.052
ŞANLIURFA,HALİLİYE,282,0.052
ERZURUM,UZUNDERE,281,0.052
BURSA,MUSTAFAKEMALPAŞA,280,0.051
YOZGAT,AKDAĞMADENİ,278,0.051
BOLU,MUDURNU,277,0.051
SAMSUN,CANİK,277,0.051
RİZE,FINDIKLI,277,0.051
VAN,ÇALDIRAN,275,0.05
KONYA,HÜYÜK,272,0.05
KASTAMONU,MERKEZ,272,0.05
VAN,TUŞBA,272,0.05
İSTANBUL,EYÜP,267,0.049
İSTANBUL,SULTANBEYLİ,267,0.049
AFYONKARAHİSAR,EMİRDAĞ,266,0.049
İSTANBUL,BAKIRKÖY,265,0.049
EDİRNE,MERKEZ,262,0.048
KIRKLARELİ,LÜLEBURGAZ,262,0.048
DÜZCE,ÇİLİMLİ,261,0.048
GİRESUN,GÜCE,258,0.047
ORDU,GÜRGENTEPE,257,0.047
BALIKESİR,KARESİ,255,0.047
KAYSERİ,TOMARZA,254,0.047
SİVAS,GEMEREK,254,0.047
UŞAK,BANAZ,254,0.047
KONYA,ÇUMRA,253,0.046
ELAZIĞ,KOVANCILAR,253,0.046
TOKAT,SULUSARAY,252,0.046
ARTVİN,HOPA,249,0.046
KOCAELİ,GÖLCÜK,249,0.046
ORDU,ULUBEY/ORDU,248,0.045
ZONGULDAK,KİLİMLİ,247,0.045
BATMAN,KOZLUK,245,0.045
ANKARA,KIZILCAHAMAM,244,0.045
BİTLİS,GÜROYMAK,244,0.045
EDİRNE,KEŞAN,241,0.044
BALIKESİR,SUSURLUK,240,0.044
KAYSERİ,YAHYALI,240,0.044
KIRŞEHİR,AKPINAR,240,0.044
BATMAN,GERCÜŞ,239,0.044
SAKARYA,SAPANCA,238,0.044
AFYONKARAHİSAR,İHSANİYE,237,0.043
ESKİŞEHİR,SİVRİHİSAR,236,0.043
ANKARA,NALLIHAN,235,0.043
TUNCELİ,NAZIMİYE,234,0.043
BARTIN,AMASRA,233,0.043
ZONGULDAK,EREĞLİ/ZONGULDAK,232,0.043
KARABÜK,OVACIK/KARABÜK,231,0.042
MANİSA,AKHİSAR,230,0.042
KONYA,MERAM,230,0.042
DİYARBAKIR,HAZRO,230,0.042
BOLU,DÖRTDİVAN,229,0.042
AYDIN,EFELER,228,0.042
DÜZCE,KAYNAŞLI,228,0.042
TUNCELİ,PERTEK,226,0.041
KIRKLARELİ,BABAESKİ,225,0.041
ÇANAKKALE,GELİBOLU,224,0.041
ARTVİN,MERKEZ,224,0.041
TEKİRDAĞ,ŞARKÖY,222,0.041
BURSA,İZNİK,221,0.041
UŞAK,MERKEZ,221,0.041
MARDİN,KIZILTEPE,219,0.04
YOZGAT,ÇAYIRALAN,218,0.04
DİYARBAKIR,BAĞLAR,218,0.04
YOZGAT,ÇANDIR,217,0.04
ELAZIĞ,PALU,217,0.04
KIRKLARELİ,VİZE,216,0.04
GİRESUN,DOĞANKENT,216,0.04
ORDU,GÜLYALI,216,0.04
ADIYAMAN,BESNİ,215,0.039
NEVŞEHİR,GÜLŞEHİR,210,0.038
AFYONKARAHİSAR,ŞUHUT,210,0.038
BURSA,KARACABEY,209,0.038
ŞANLIURFA,HARRAN,208,0.038
VAN,MURADİYE,204,0.037
ERZURUM,KARAÇOBAN,204,0.037
KOCAELİ,KÖRFEZ,203,0.037
KONYA,BEYŞEHİR,201,0.037
TEKİRDAĞ,MALKARA,200,0.037
MARDİN,NUSAYBİN,198,0.036
KASTAMONU,AĞLI,197,0.036
DİYARBAKIR,LİCE,197,0.036
KIRIKKALE,BALIŞEYH,196,0.036
MERSİN,SİLİFKE,195,0.036
KOCAELİ,DARICA,195,0.036
ŞANLIURFA,BİRECİK,195,0.036
BALIKESİR,SINDIRGI,194,0.036
TRABZON,ÇARŞIBAŞI,194,0.036
ARDAHAN,DAMAL,194,0.036
KAHRAMANMARAŞ,ANDIRIN,194,0.036
TEKİRDAĞ,HAYRABOLU,193,0.035
SAKARYA,TARAKLI,191,0.035
ŞANLIURFA,SURUÇ,191,0.035
MANİSA,SALİHLİ,191,0.035
BALIKESİR,ALTIEYLÜL,190,0.035
DÜZCE,GÜMÜŞOVA,190,0.035
NİĞDE,ÇAMARDI,189,0.035
BURSA,YENİŞEHİR,189,0.035
YALOVA,ALTINOVA,189,0.035
İZMİR,BORNOVA,187,0.034
BALIKESİR,MANYAS,186,0.034
ESKİŞEHİR,MAHMUDİYE,185,0.034
DİYARBAKIR,KULP,185,0.034
İSTANBUL,SİLİVRİ,185,0.034
MERSİN,TOROSLAR,184,0.034
DİYARBAKIR,ÇERMİK,184,0.034
KIRŞEHİR,MUCUR,184,0.034
HATAY,DÖRTYOL,184,0.034
KONYA,TUZLUKÇU,182,0.033
ESKİŞEHİR,ÇİFTELER,181,0.033
İSTANBUL,ÇEKMEKÖY,180,0.033
NEVŞEHİR,ÜRGÜP,180,0.033
ESKİŞEHİR,HAN,180,0.033
KAYSERİ,İNCESU,179,0.033
RİZE,PAZAR/RİZE,179,0.033
MALATYA,DOĞANŞEHİR,179,0.033
DİYARBAKIR,YENİŞEHİR,178,0.033
İSTANBUL,ÇATALCA,178,0.033
MARDİN,MAZIDAĞI,178,0.033
MUŞ,HASKÖY,177,0.032
İSTANBUL,GÜNGÖREN,175,0.032
TUNCELİ,PÜLÜMÜR,174,0.032
DENİZLİ,ÇİVRİL,173,0.032
NİĞDE,ULUKIŞLA,173,0.032
BOLU,YENİÇAĞA,172,0.032
ANKARA,ŞEREFLİKOÇHİSAR,170,0.031
SAKARYA,ARİFİYE,169,0.031
ESKİŞEHİR,İNÖNÜ,169,0.031
KARAMAN,AYRANCI,169,0.031
KIRKLARELİ,PINARHİSAR,169,0.031
ŞANLIURFA,KARAKÖPRÜ,169,0.031
KÜTAHYA,GEDİZ,168,0.031
AYDIN,NAZİLLİ,167,0.031
KOCAELİ,BAŞİSKELE,167,0.031
MALATYA,YEŞİLYURT/MALATYA,166,0.03
AKSARAY,GÜZELYURT,165,0.03
KAYSERİ,YEŞİLHİSAR,165,0.03
ELAZIĞ,BASKİL,164,0.03
ADIYAMAN,GÖLBAŞI,164,0.03
HATAY,REYHANLI,164,0.03
ANKARA,HAYMANA,163,0.03
ŞANLIURFA,BOZOVA,163,0.03
ORDU,KABADÜZ,161,0.03
İSTANBUL,ADALAR,160,0.029
ANKARA,ÇUBUK,160,0.029
BURSA,GEMLİK,160,0.029
KAYSERİ,SARIOĞLAN,156,0.029
ÇANAKKALE,MERKEZ,154,0.028
ARTVİN,ARDANUÇ,153,0.028
TRABZON,KÖPRÜBAŞI/TRABZON,152,0.028
BALIKESİR,ERDEK,152,0.028
ANKARA,KEÇİÖREN,151,0.028
KONYA,KADINHANI,151,0.028
MANİSA,ALAŞEHİR,151,0.028
KIRIKKALE,SULAKYURT,150,0.027
HATAY,YAYLADAĞI,150,0.027
KAYSERİ,TALAS,149,0.027
BALIKESİR,DURSUNBEY,149,0.027
ANKARA,ÇAMLIDERE,149,0.027
ÇANAKKALE,ÇAN,149,0.027
KONYA,YUNAK,148,0.027
NEVŞEHİR,KOZAKLI,148,0.027
HATAY,ALTINÖZÜ,147,0.027
ANKARA,BEYPAZARI,144,0.026
MALATYA,YAZIHAN,144,0.026
KASTAMONU,DEVREKANİ,144,0.026
ÇANKIRI,ŞABANÖZÜ,143,0.026
İSTANBUL,SULTANGAZİ,141,0.026
DÜZCE,CUMAYERİ,138,0.025
KONYA,EREĞLİ/KONYA,138,0.025
İSTANBUL,ARNAVUTKÖY,138,0.025
MERSİN,ERDEMLİ,138,0.025
AKSARAY,ORTAKÖY,138,0.025
BALIKESİR,EDREMİT,137,0.025
BURDUR,MERKEZ,137,0.025
ISPARTA,MERKEZ,137,0.025
KASTAMONU,BOZKURT/KASTAMONU,136,0.025
ANTALYA,MURATPAŞA,136,0.025
OSMANİYE,DÜZİÇİ,136,0.025
BATMAN,BEŞİRİ,134,0.025
BOLU,SEBEN,132,0.024
ŞANLIURFA,VİRANŞEHİR,131,0.024
KAHRAMANMARAŞ,PAZARCIK,131,0.024
KÜTAHYA,TAVŞANLI,130,0.024
KONYA,ÇELTİK,129,0.024
İZMİR,ÖDEMİŞ,129,0.024
İSTANBUL,AVCILAR,129,0.024
İZMİR,BERGAMA,128,0.023
DİYARBAKIR,DİCLE,128,0.023
ELAZIĞ,AĞIN,128,0.023
ADANA,TUFANBEYLİ,127,0.023
SİİRT,ERUH,127,0.023
DÜZCE,YIĞILCA,126,0.023
MERSİN,MUT,125,0.023
KONYA,SEYDİŞEHİR,125,0.023
TEKİRDAĞ,ÇORLU,125,0.023
KOCAELİ,ÇAYIROVA,124,0.023
MANİSA,TURGUTLU,123,0.023
HAKKARİ,MERKEZ,123,0.023
MANİSA,ŞEHZADELER,122,0.022
ÇANAKKALE,YENİCE,121,0.022
ADIYAMAN,GERGER,121,0.022
KAHRAMANMARAŞ,TÜRKOĞLU,120,0.022
KONYA,AHIRLI,120,0.022
DENİZLİ,MERKEZEFENDİ,119,0.022
VAN,BAŞKALE,118,0.022
ANKARA,MAMAK,118,0.022
YOZGAT,YENİFAKILI,118,0.022
AYDIN,SÖKE,117,0.021
KONYA,SELÇUKLU,117,0.021
YOZGAT,AYDINCIK,116,0.021
İZMİR,KARŞIYAKA,116,0.021
KONYA,DOĞANHİSAR,116,0.021
HATAY,SAMANDAĞ,116,0.021
ESKİŞEHİR,ALPU,116,0.021
İSTANBUL,ESENLER,116,0.021
AMASYA,HAMAMÖZÜ,115,0.021
VAN,SARAY,115,0.021
TEKİRDAĞ,MURATLI,114,0.021
HATAY,ARSUZ,113,0.021
SİVAS,DOĞANŞAR,113,0.021
KONYA,HALKAPINAR,112,0.021
KOCAELİ,DİLOVASI,111,0.02
SİVAS,ALTINYAYLA,111,0.02
MARDİN,ÖMERLİ,111,0.02
KOCAELİ,DERİNCE,111,0.02
TUNCELİ,OVACIK,110,0.02
KASTAMONU,ABANA,110,0.02
MERSİN,GÜLNAR,110,0.02
DENİZLİ,PAMUKKALE,109,0.02
GAZİANTEP,OĞUZELİ,107,0.02
MUĞLA,MİLAS,107,0.02
ELAZIĞ,KEBAN,107,0.02
ŞANLIURFA,AKÇAKALE,107,0.02
BALIKESİR,KEPSUT,106,0.019
BALIKESİR,AYVALIK,105,0.019
ANKARA,YENİMAHALLE,105,0.019
TEKİRDAĞ,ERGENE,105,0.019
MERSİN,YENİŞEHİR,105,0.019
İZMİR,BAYRAKLI,104,0.019
ŞANLIURFA,HİLVAN,104,0.019
ÇORUM,BAYAT/ÇORUM,103,0.019
MERSİN,ANAMUR,103,0.019
ADANA,SARIÇAM,103,0.019
HATAY,DEFNE,101,0.019
KARAMAN,ERMENEK,100,0.018
OSMANİYE,BAHÇE,100,0.018
EDİRNE,İPSALA,100,0.018
KIRIKKALE,YAHŞİHAN,100,0.018
KAYSERİ,SARIZ,99,0.018
IĞDIR,ARALIK,99,0.018
KÜTAHYA,ALTINTAŞ,98,0.018
ESKİŞEHİR,SEYİTGAZİ,98,0.018
İZMİR,MENEMEN,98,0.018
HATAY,ERZİN,98,0.018
DENİZLİ,ACIPAYAM,98,0.018
SAMSUN,ASARCIK,97,0.018
VAN,EDREMİT,97,0.018
ANKARA,KALECİK,97,0.018
YOZGAT,SARAYKENT,97,0.018
BALIKESİR,İVRİNDİ,97,0.018
KONYA,SARAYÖNÜ,96,0.018
HAKKARİ,YÜKSEKOVA,96,0.018
KAYSERİ,PINARBAŞI/KAYSERİ,96,0.018
VAN,ÇATAK,96,0.018
RİZE,ÇAMLIHEMŞİN,96,0.018
SAMSUN,AYVACIK,96,0.018
TOKAT,BAŞÇİFTLİK,96,0.018
KIRKLARELİ,DEMİRKÖY,95,0.017
BURSA,NİLÜFER,95,0.017
AKSARAY,GÜLAĞAÇ,94,0.017
TOKAT,YEŞİLYURT/TOKAT,94,0.017
ÇANKIRI,ELDİVAN,94,0.017
ADANA,KARAİSALI,93,0.017
ORDU,ÇATALPINAR,91,0.017
ADANA,YUMURTALIK,91,0.017
KARABÜK,YENİCE/KARABÜK,91,0.017
KAHRAMANMARAŞ,EKİNÖZÜ,90,0.016
İZMİR,TORBALI,90,0.016
BURSA,MUDANYA,90,0.016
MALATYA,DOĞANYOL,89,0.016
ADANA,FEKE,89,0.016
MANİSA,GÖRDES,88,0.016
MANİSA,YUNUSEMRE,88,0.016
ÇORUM,UĞURLUDAĞ,88,0.016
İZMİR,TİRE,87,0.016
SİİRT,PERVARİ,87,0.016
KIRŞEHİR,BOZTEPE,86,0.016
DENİZLİ,ÇAL,86,0.016
ANKARA,ELMADAĞ,85,0.016
BALIKESİR,BİGADİÇ,85,0.016
ÇANAKKALE,LAPSEKİ,85,0.016
SAMSUN,ONDOKUZMAYIS,84,0.015
BALIKESİR,MARMARA,84,0.015
TOKAT,PAZAR/TOKAT,83,0.015
TEKİRDAĞ,SARAY,83,0.015
İSTANBUL,SANCAKTEPE,83,0.015
RİZE,HEMŞİN,82,0.015
MALATYA,KALE,82,0.015
ŞANLIURFA,HALFETİ,81,0.015
GAZİANTEP,NURDAĞI,81,0.015
YALOVA,ÇINARCIK,81,0.015
SİİRT,TİLLO,81,0.015
İZMİR,KARABAĞLAR,80,0.015
MANİSA,KULA,80,0.015
İZMİR,KEMALPAŞA,80,0.015
ÇANAKKALE,EZİNE,80,0.015
KİLİS,MUSABEYLİ,79,0.014
MARDİN,DARGEÇİT,79,0.014
KÜTAHYA,EMET,78,0.014
ANKARA,GÖLBAŞI,78,0.014
DİYARBAKIR,EĞİL,77,0.014
KONYA,CİHANBEYLİ,76,0.014
MUĞLA,SEYDİKEMER,76,0.014
BATMAN,HASANKEYF,76,0.014
ADANA,POZANTI,76,0.014
ADANA,İMAMOĞLU,75,0.014
KONYA,KARAPINAR,75,0.014
ANKARA,SİNCAN,75,0.014
TUNCELİ,HOZAT,75,0.014
ISPARTA,ŞARKİKARAAĞAÇ,74,0.014
NEVŞEHİR,HACIBEKTAŞ,74,0.014
ANTALYA,ALANYA,73,0.013
MANİSA,SOMA,73,0.013
BALIKESİR,SAVAŞTEPE,73,0.013
ARTVİN,KEMALPAŞA,73,0.013
IĞDIR,KARAKOYUNLU,72,0.013
ÇORUM,BOĞAZKALE,72,0.013
MANİSA,DEMİRCİ,72,0.013
ADANA,ÇUKUROVA,71,0.013
MANİSA,SARUHANLI,70,0.013
BURDUR,BUCAK,70,0.013
İZMİR,BUCA,69,0.013
EDİRNE,MERİÇ,69,0.013
GAZİANTEP,ARABAN,69,0.013
KIRKLARELİ,PEHLİVANKÖY,69,0.013
BALIKESİR,BALYA,68,0.012
DİYARBAKIR,HANİ,68,0.012
ÇORUM,DODURGA,68,0.012
ORDU,KABATAŞ,68,0.012
ANKARA,AYAŞ,67,0.012
ÇORUM,LAÇİN,67,0.012
ESKİŞEHİR,GÜNYÜZÜ,67,0.012
ŞIRNAK,SİLOPİ,66,0.012
ANKARA,BALA,66,0.012
BALIKESİR,BURHANİYE,66,0.012
DENİZLİ,TAVAS,64,0.012
AYDIN,İNCİRLİOVA,64,0.012
MARDİN,YEŞİLLİ,64,0.012
KİLİS,POLATELİ,63,0.012
MANİSA,KIRKAĞAÇ,63,0.012
AYDIN,BOZDOĞAN,63,0.012
ISPARTA,EĞİRDİR,63,0.012
HATAY,BELEN,62,0.011
ELAZIĞ,ALACAKAYA,62,0.011
KONYA,YALIHÜYÜK,61,0.011
YALOVA,ARMUTLU,61,0.011
AYDIN,ÇİNE,60,0.011
KİLİS,ELBEYLİ,59,0.011
HAKKARİ,ŞEMDİNLİ,57,0.01
KONYA,HADİM,57,0.01
ADANA,KARATAŞ,57,0.01
HATAY,KUMLU,56,0.01
ANTALYA,MANAVGAT,56,0.01
AKSARAY,AĞAÇÖREN,56,0.01
KONYA,EMİRGAZİ,56,0.01
MERSİN,BOZYAZI,56,0.01
OSMANİYE,TOPRAKKALE,55,0.01
ŞIRNAK,CİZRE,55,0.01
DENİZLİ,BULDAN,55,0.01
BALIKESİR,GÖNEN/BALIKESİR,54,0.01
GAZİANTEP,KARKAMIŞ,54,0.01
KONYA,TAŞKENT,54,0.01
ISPARTA,SENİRKENT,54,0.01
BALIKESİR,HAVRAN,54,0.01
MUĞLA,MENTEŞE,53,0.01
ÇANAKKALE,BAYRAMİÇ,53,0.01
MERSİN,AYDINCIK,53,0.01
KÜTAHYA,DOMANİÇ,52,0.01
OSMANİYE,SUMBAS,52,0.01
EDİRNE,ENEZ,51,0.009
ISPARTA,GELENDOST,51,0.009
ANTALYA,KORKUTELİ,50,0.009
ANTALYA,İBRADI,50,0.009
TUNCELİ,OVACIK/TUNCELİ,50,0.009
ADANA,SAİMBEYLİ,49,0.009
ADIYAMAN,GÖLBAŞI/ADIYAMAN,49,0.009
BURSA,KESTEL,49,0.009
BURSA,ORHANELİ,49,0.009
VAN,BAHÇESARAY,48,0.009
HATAY,PAYAS,48,0.009
ŞIRNAK,İDİL,48,0.009
KARAMAN,SARIVELİLER,48,0.009
İSTANBUL,BÜYÜKÇEKMECE,47,0.009
ISPARTA,KEÇİBORLU,47,0.009
KAYSERİ,AKKIŞLA,47,0.009
ÇANAKKALE,AYVACIK,47,0.009
ŞIRNAK,MERKEZ,47,0.009
BURDUR,YEŞİLOVA,47,0.009
AYDIN,GERMENCİK,46,0.008
KONYA,AKÖREN,46,0.008
ÇORUM,ORTAKÖY,45,0.008
ADIYAMAN,ÇELİKHAN,45,0.008
MUĞLA,BODRUM,45,0.008
DENİZLİ,BEKİLLİ,44,0.008
MERSİN,MEZİTLİ,44,0.008
UŞAK,EŞME,44,0.008
ŞIRNAK,BEYTÜŞŞEBAP,44,0.008
MUĞLA,FETHİYE,44,0.008
UŞAK,ULUBEY,43,0.008
KAHRAMANMARAŞ,NURHAK,43,0.008
MUĞLA,YATAĞAN,43,0.008
ADANA,ALADAĞ,42,0.008
KAYSERİ,HACILAR,42,0.008
MERSİN,ÇAMLIYAYLA,42,0.008
BURSA,GÜRSU,42,0.008
AYDIN,KARACASU,41,0.008
AFYONKARAHİSAR,ÇOBANLAR,41,0.008
ANTALYA,SERİK,41,0.008
AYDIN,KOÇARLI,40,0.007
ANTALYA,KEPEZ,40,0.007
ŞANLIURFA,CEYLANPINAR,40,0.007
ISPARTA,ULUBORLU,40,0.007
KONYA,KULU,40,0.007
ANTALYA,ELMALI,40,0.007
ANTALYA,GAZİPAŞA,40,0.007
ADIYAMAN,SİNCİK,39,0.007
DİYARBAKIR,KAYAPINAR,39,0.007
ADIYAMAN,TUT,39,0.007
İZMİR,SELÇUK,39,0.007
GAZİANTEP,YAVUZELİ,39,0.007
TEKİRDAĞ,ÇERKEZKÖY,38,0.007
İSTANBUL,ESENYURT,38,0.007
İZMİR,ALİAĞA,37,0.007
ARTVİN,MURGUL,37,0.007
ESKİŞEHİR,MİHALGAZİ,37,0.007
ANKARA,AKYURT,37,0.007
İZMİR,URLA,36,0.007
BURDUR,KARAMANLI,36,0.007
AYDIN,KÖŞK,35,0.006
AKSARAY,ESKİL,35,0.006
AFYONKARAHİSAR,İSCEHİSAR,35,0.006
ANKARA,KAHRAMANKAZAN,35,0.006
DENİZLİ,SARAYKÖY,35,0.006
İZMİR,BAYINDIR,34,0.006
ŞIRNAK,ULUDERE,34,0.006
BURDUR,TEFENNİ,34,0.006
AKSARAY,SARIYAHŞİ,34,0.006
UŞAK,SİVASLI,34,0.006
BATMAN,SASON,33,0.006
AYDIN,SULTANHİSAR,33,0.006
AFYONKARAHİSAR,HOCALAR,33,0.006
AYDIN,KUYUCAK,33,0.006
BURDUR,GÖLHİSAR,33,0.006
MANİSA,SELENDİ,32,0.006
BURSA,KELES,32,0.006
KAYSERİ,FELAHİYE,32,0.006
AFYONKARAHİSAR,BAYAT,32,0.006
İZMİR,KİRAZ,32,0.006
TEKİRDAĞ,MARMARAEREĞLİSİ,31,0.006
BİNGÖL,YEDİSU,31,0.006
KÜTAHYA,ASLANAPA,31,0.006
İZMİR,MENDERES,31,0.006
KÜTAHYA,ŞAPHANE,31,0.006
EDİRNE,LALAPAŞA,30,0.005
DENİZLİ,BABADAĞ,30,0.005
ANKARA,ETİMESGUT,30,0.005
MANİSA,GÖLMARMARA,29,0.005
KIRIKKALE,ÇELEBİ,29,0.005
ÇANAKKALE,ECEABAT,29,0.005
KARAMAN,BAŞYAYLA,29,0.005
ANKARA,EVREN,28,0.005
BURDUR,ÇAVDIR,28,0.005
YOZGAT,AYDINCIK/YOZGAT,27,0.005
MUĞLA,KÖYCEĞİZ,27,0.005
MANİSA,AHMETLİ,27,0.005
İZMİR,DİKİLİ,27,0.005
AYDIN,DİDİM,27,0.005
EDİRNE,SÜLOĞLU,26,0.005
ANTALYA,KUMLUCA,26,0.005
İZMİR,KARABURUN,26,0.005
AFYONKARAHİSAR,DAZKIRI,26,0.005
BALIKESİR,GÖMEÇ,25,0.005
KÜTAHYA,PAZARLAR,25,0.005
OSMANİYE,HASANBEYLİ,25,0.005
AYDIN,KUŞADASI,25,0.005
DİYARBAKIR,KOCAKÖY,25,0.005
İZMİR,NARLIDERE,25,0.005
AFYONKARAHİSAR,BAŞMAKÇI,24,0.004
KIRKLARELİ,KOFÇAZ,24,0.004
MANİSA,KÖPRÜBAŞI,24,0.004
DENİZLİ,SERİNHİSAR,24,0.004
KÜTAHYA,DUMLUPINAR,23,0.004
BURSA,BÜYÜKORHAN,23,0.004
İZMİR,ÇİĞLİ,23,0.004
KÜTAHYA,HİSARCIK,23,0.004
İZMİR,SEFERİHİSAR,23,0.004
DENİZLİ,ÇAMELİ,23,0.004
ADIYAMAN,SAMSAT,22,0.004
ÇORUM,OĞUZLAR,22,0.004
İSTANBUL,BAŞAKŞEHİR,22,0.004
ŞIRNAK,GÜÇLÜKONAK,21,0.004
KONYA,ALTINEKİN,21,0.004
SİVAS,ALTINYAYLA/SİVAS,21,0.004
KAHRAMANMARAŞ,ÇAĞLAYANCERİT,21,0.004
KÜTAHYA,ÇAVDARHİSAR,21,0.004
DENİZLİ,BOZKURT,21,0.004
DENİZLİ,HONAZ,21,0.004
TEKİRDAĞ,KAPAKLI,21,0.004
DENİZLİ,GÜNEY,21,0.004
AKSARAY,SULTANHANI,21,0.004
SAMSUN,AYVACIK/SAMSUN,21,0.004
KONYA,DERBENT,21,0.004
UŞAK,ULUBEY/UŞAK,20,0.004
MANİSA,SARIGÖL,20,0.004
ISPARTA,AKSU,20,0.004
AYDIN,YENİPAZAR,20,0.004
ANTALYA,KAŞ,20,0.004
MUĞLA,ORTACA,20,0.004
ESKİŞEHİR,SARICAKAYA,19,0.003
ANTALYA,KEMER,19,0.003
İZMİR,FOÇA,19,0.003
ANTALYA,DÖŞEMEALTI,18,0.003
ELAZIĞ,ARICAK,18,0.003
DENİZLİ,KALE,18,0.003
MUĞLA,ULA,18,0.003
VAN,SARAY/VAN,17,0.003
ANTALYA,GÜNDOĞMUŞ,17,0.003
ANTALYA,AKSU,17,0.003
BALIKESİR,EDREMİT/BALIKESİR,17,0.003
AYDIN,KARPUZLU,17,0.003
KONYA,DEREBUCAK,17,0.003
ISPARTA,ATABEY,17,0.003
DENİZLİ,BAKLAN,17,0.003
İZMİR,BALÇOVA,16,0.003
TEKİRDAĞ,SARAY/TEKİRDAĞ,16,0.003
AYDIN,BUHARKENT,16,0.003
KAYSERİ,ÖZVATAN,16,0.003
ANTALYA,FİNİKE,15,0.003
KIRIKKALE,BAHŞILI,15,0.003
İSTANBUL,BEYLİKDÜZÜ,15,0.003
DENİZLİ,ÇARDAK,15,0.003
ISPARTA,YENİŞARBADEMLİ,15,0.003
ANKARA,PURSAKLAR,15,0.003
ÇANAKKALE,YENİCE/ÇANAKKALE,15,0.003
YALOVA,TERMAL,15,0.003
BURDUR,AĞLASUN,15,0.003
ANKARA,KAZAN,15,0.003
İZMİR,ÇEŞME,14,0.003
İZMİR,KINIK,14,0.003
KIRIKKALE,KARAKEÇİLİ,14,0.003
HAKKARİ,ÇUKURCA,14,0.003
MUĞLA,KAVAKLIDERE,13,0.002
ISPARTA,GÖNEN,13,0.002
AFYONKARAHİSAR,EVCİLER,13,0.002
BURDUR,ÇELTİKÇİ,13,0.002
MUĞLA,DALAMAN,13,0.002
İZMİR,GAZİEMİR,12,0.002
BURSA,HARMANCIK,12,0.002
VAN,EDREMİT/VAN,11,0.002
SİİRT,AYDINLAR,11,0.002
ÇORUM,ORTAKÖY/ÇORUM,11,0.002
MUĞLA,MARMARİS,11,0.002
ÇANAKKALE,GÖKÇEADA,11,0.002
ANTALYA,DEMRE,10,0.002
KARAMAN,KAZIMKARABEKİR,10,0.002
MALATYA,KALE/MALATYA,10,0.002
AFYONKARAHİSAR,KIZILÖREN,9,0.002
ANTALYA,KONYAALTI,8,0.001
HAKKARİ,DERECİK,8,0.001
ÇANAKKALE,AYVACIK/ÇANAKKALE,8,0.001
BURDUR,ALTINYAYLA,7,0.001
KONYA,GÜNEYSINIR,7,0.001
MERSİN,AYDINCIK/İÇEL,6,0.001
İZMİR,GÜZELBAHÇE,6,0.001
DENİZLİ,BEYAĞAÇ,6,0.001
BURDUR,KEMER,4,0.001
ANKARA,GÖLBAŞI/ANKARA,4,0.001
ANTALYA,KEMER/ANTALYA,4,0.001
ÇANAKKALE,BOZCAADA,3,0.001
DENİZLİ,KALE/DENİZLİ,3,0.001
İZMİR,BEYDAĞ,3,0.001
KIRIKKALE,BAHŞİLİ,3,0.001
DENİZLİ,BOZKURT/DENİZLİ,2,0.0
MUĞLA,DATÇA,2,0.0
AFYONKARAHİSAR,BAYAT/AFYON,2,0.0
MANİSA,KÖPRÜBAŞI/MANİSA,2,0.0
TEKİRDAĞ,MERKEZ,2,0.0
AYDIN,MERKEZ,1,0.0
ISPARTA,GÖNEN/ISPARTA,1,0.0
KAHRAMANMARAŞ,MERKEZ,1,0.0
